{"cameraMode":{"drawMode":0,"name":"Shaded","section":"Shading Mode"},"sceneLighting":false,"audioPlay":false,"sceneViewState":{"m_AlwaysRefresh":false,"showFog":true,"showSkybox":false,"showFlares":true,"showImageEffects":true,"showParticleSystems":true,"showVisualEffectGraphs":true,"m_FxEnabled":true},"in2DMode":false,"pivot":{"x":1.5863879919052125,"y":1.5574431419372559,"z":0.9213045239448547},"rotation":{"x":0.003393733873963356,"y":0.7104838490486145,"z":-0.003409313503652811,"w":0.7037195563316345},"size":1.2590503692626954,"orthographic":false}