{"cameraMode":{"drawMode":0,"name":"Shaded","section":"Shading Mode"},"sceneLighting":false,"audioPlay":false,"sceneViewState":{"m_AlwaysRefresh":false,"showFog":true,"showSkybox":false,"showFlares":true,"showImageEffects":true,"showParticleSystems":true,"showVisualEffectGraphs":true,"m_FxEnabled":true},"in2DMode":false,"pivot":{"x":-0.08863548934459686,"y":0.9037724733352661,"z":0.9657270312309265},"rotation":{"x":-0.02569950558245182,"y":0.705600380897522,"z":-0.02564074471592903,"w":-0.7077016830444336},"size":1.2590503692626954,"orthographic":false}