{"cameraMode":{"drawMode":0,"name":"Shaded","section":"Shading Mode"},"sceneLighting":false,"audioPlay":false,"sceneViewState":{"m_AlwaysRefresh":false,"showFog":true,"showSkybox":false,"showFlares":true,"showImageEffects":true,"showParticleSystems":true,"showVisualEffectGraphs":true,"m_FxEnabled":true},"in2DMode":false,"pivot":{"x":-0.30092522501945498,"y":0.2968840003013611,"z":0.8546048402786255},"rotation":{"x":0.08556780219078064,"y":-0.8759296536445618,"z":0.16891297698020936,"w":0.4437287449836731},"size":2.7582828998565676,"orthographic":false}