{"cameraMode":{"drawMode":0,"name":"Shaded","section":"Shading Mode"},"sceneLighting":false,"audioPlay":false,"sceneViewState":{"m_AlwaysRefresh":false,"showFog":true,"showSkybox":false,"showFlares":true,"showImageEffects":true,"showParticleSystems":true,"showVisualEffectGraphs":true,"m_FxEnabled":true},"in2DMode":false,"pivot":{"x":-0.07524542510509491,"y":3.000661611557007,"z":0.576384961605072},"rotation":{"x":0.20835554599761964,"y":0.6080793142318726,"z":-0.16937674582004548,"w":0.7473066449165344},"size":1.3573871850967408,"orthographic":false}