{"cameraMode":{"drawMode":0,"name":"Shaded","section":"Shading Mode"},"sceneLighting":false,"audioPlay":false,"sceneViewState":{"m_AlwaysRefresh":false,"showFog":true,"showSkybox":false,"showFlares":true,"showImageEffects":true,"showParticleSystems":true,"showVisualEffectGraphs":true,"m_FxEnabled":true},"in2DMode":false,"pivot":{"x":-0.9580615758895874,"y":1.5717672109603882,"z":0.35084664821624758},"rotation":{"x":0.013775685802102089,"y":-0.8186149597167969,"z":0.01965007372200489,"w":0.5738503932952881},"size":1.3158479928970338,"orthographic":false}