{"cameraMode":{"drawMode":0,"name":"Shaded","section":"Shading Mode"},"sceneLighting":false,"audioPlay":false,"sceneViewState":{"m_AlwaysRefresh":false,"showFog":true,"showSkybox":false,"showFlares":true,"showImageEffects":true,"showParticleSystems":true,"showVisualEffectGraphs":true,"m_FxEnabled":true},"in2DMode":false,"pivot":{"x":-16.264713287353517,"y":-12.169220924377442,"z":-39.865055084228519},"rotation":{"x":-0.020318951457738878,"y":0.9508506059646606,"z":-0.10043687373399735,"w":-0.2923852205276489},"size":33.63018035888672,"orthographic":false}