{"cameraMode":{"drawMode":0,"name":"Shaded","section":"Shading Mode"},"sceneLighting":false,"audioPlay":false,"sceneViewState":{"m_AlwaysRefresh":false,"showFog":true,"showSkybox":false,"showFlares":true,"showImageEffects":true,"showParticleSystems":true,"showVisualEffectGraphs":true,"m_FxEnabled":true},"in2DMode":false,"pivot":{"x":14.271695137023926,"y":23.591230392456056,"z":0.3628329336643219},"rotation":{"x":-0.02568618580698967,"y":0.9730437397956848,"z":-0.13548149168491364,"w":-0.1859886795282364},"size":1.0470032691955567,"orthographic":false}