{"cameraMode":{"drawMode":0,"name":"Shaded","section":"Shading Mode"},"sceneLighting":false,"audioPlay":false,"sceneViewState":{"m_AlwaysRefresh":false,"showFog":true,"showSkybox":false,"showFlares":true,"showImageEffects":true,"showParticleSystems":true,"showVisualEffectGraphs":true,"m_FxEnabled":true},"in2DMode":false,"pivot":{"x":14.313360214233399,"y":23.11215591430664,"z":0.07720813155174256},"rotation":{"x":-0.017456667497754098,"y":0.9823545813560486,"z":-0.1427733451128006,"w":-0.12130226194858551},"size":1.0470032691955567,"orthographic":false}