{"cameraMode":{"drawMode":0,"name":"Shaded","section":"Shading Mode"},"sceneLighting":false,"audioPlay":false,"sceneViewState":{"m_AlwaysRefresh":false,"showFog":true,"showSkybox":false,"showFlares":true,"showImageEffects":true,"showParticleSystems":true,"showVisualEffectGraphs":true,"m_FxEnabled":true},"in2DMode":false,"pivot":{"x":-0.5942304134368897,"y":0.06249798834323883,"z":-0.3897191882133484},"rotation":{"x":-0.02065327763557434,"y":0.6927478909492493,"z":-0.020083993673324586,"w":-0.7209070324897766},"size":1.1660254001617432,"orthographic":false}