{"cameraMode":{"drawMode":0,"name":"Shaded","section":"Shading Mode"},"sceneLighting":false,"audioPlay":false,"sceneViewState":{"m_AlwaysRefresh":false,"showFog":true,"showSkybox":false,"showFlares":true,"showImageEffects":true,"showParticleSystems":true,"showVisualEffectGraphs":true,"m_FxEnabled":true},"in2DMode":false,"pivot":{"x":-2.124917507171631,"y":1.8478726148605347,"z":-0.5908894538879395},"rotation":{"x":-0.10553701967000961,"y":0.8673406839370728,"z":-0.20848558843135835,"w":-0.43992000818252566},"size":2.7041633129119875,"orthographic":false}