{"cameraMode":{"drawMode":0,"name":"Shaded","section":"Shading Mode"},"sceneLighting":false,"audioPlay":false,"sceneViewState":{"m_AlwaysRefresh":false,"showFog":true,"showSkybox":false,"showFlares":true,"showImageEffects":true,"showParticleSystems":true,"showVisualEffectGraphs":true,"m_FxEnabled":true},"in2DMode":false,"pivot":{"x":-0.10900002717971802,"y":0.9599999785423279,"z":0.38200005888938906},"rotation":{"x":0.0003882111923303455,"y":-0.9995981454849243,"z":-0.02218463271856308,"w":-0.01920577697455883},"size":1.2979984283447266,"orthographic":false}