{"cameraMode":{"drawMode":0,"name":"Shaded","section":"Shading Mode"},"sceneLighting":false,"audioPlay":false,"sceneViewState":{"m_AlwaysRefresh":false,"showFog":true,"showSkybox":false,"showFlares":true,"showImageEffects":true,"showParticleSystems":true,"showVisualEffectGraphs":true,"m_FxEnabled":true},"in2DMode":false,"pivot":{"x":16.071731567382814,"y":23.38785743713379,"z":-2.490934371948242},"rotation":{"x":0.00007788906077621505,"y":-0.9996545910835266,"z":0.025714872404932977,"w":0.01115824468433857},"size":0.7484649419784546,"orthographic":false}